<?xml version="1.0" encoding="UTF-8"?>
<project-private xmlns="http://www.netbeans.org/ns/project-private/1">
    <editor-bookmarks xmlns="http://www.netbeans.org/ns/editor-bookmarks/2" lastBookmarkId="0"/>
    <open-files xmlns="http://www.netbeans.org/ns/projectui-open-files/2">
        <group>
            <file>file:/C:/Users/Asif%20Osman%20Shawon/Documents/NetBeansProjects/SchedulingAlgorithms/src/schedulingalgorithms/Process.java</file>
            <file>file:/C:/Users/Asif%20Osman%20Shawon/Documents/NetBeansProjects/SchedulingAlgorithms/src/schedulingalgorithms/NonPreemptiveSJF.java</file>
            <file>file:/C:/Users/Asif%20Osman%20Shawon/Documents/NetBeansProjects/SchedulingAlgorithms/src/schedulingalgorithms/PreemptiveSJF.java</file>
            <file>file:/C:/Users/Asif%20Osman%20Shawon/Documents/NetBeansProjects/SchedulingAlgorithms/src/schedulingalgorithms/RR.java</file>
            <file>file:/C:/Users/Asif%20Osman%20Shawon/Documents/NetBeansProjects/SchedulingAlgorithms/src/schedulingalgorithms/Priroty.java</file>
            <file>file:/C:/Users/Asif%20Osman%20Shawon/Documents/NetBeansProjects/SchedulingAlgorithms/src/schedulingalgorithms/HRRN.java</file>
            <file>file:/C:/Users/Asif%20Osman%20Shawon/Documents/NetBeansProjects/SchedulingAlgorithms/src/schedulingalgorithms/FCFS.java</file>
        </group>
    </open-files>
</project-private>
